﻿<?xml version="1.0" encoding="utf-8"?>
<XnaContent xmlns:ns="Microsoft.Xna.Framework">
  <Asset Type="GeonBit.UI.DataTypes.DefaultStyles">
    <Scale Null="true" />
    <FillColor>FFFFFFFF</FillColor>
    <OutlineColor>FF000000</OutlineColor>
    <OutlineWidth>2</OutlineWidth>
    <ForceAlignCenter Null="true" />
    <FontStyle Null="true" />
    <SelectedHighlightColor Null="true" />
    <ShadowColor Null="true" />
    <ShadowOffset Null="true" />
    <Padding Null="true" />
    <SpaceBefore Null="true" />
    <SpaceAfter Null="true" />
    <ShadowScale Null="true" />
  </Asset>
</XnaContent>